<Game>
    <Level>
        <Number>1</Number>
        <Name>can</Name>
        <Graphemes>c-a-n</Graphemes>
        <Sprite>Lvl1-Can-Sprite.png</Sprite>
    </Level>
    <Level>
        <Number>2</Number>
        <Name>map</Name>
        <Graphemes>m-a-p</Graphemes>
        <Sprite>Lvl2-Map-Sprite.png</Sprite>
    </Level>
    <Level>
        <Number>3</Number>
        <Name>drum</Name>
        <Graphemes>d-r-u-m</Graphemes>
        <Sprite>Lvl3-Drum-Sprite.png</Sprite>
    </Level>
    <Level>
        <Number>4</Number>
        <Name>bus</Name>
        <Graphemes>b-u-s</Graphemes>
        <Sprite>Lvl4-Bus-Sprite.png</Sprite>
    </Level>
    <Level>
        <Number>5</Number>
        <Name>slug</Name>
        <Graphemes>s-l-u-g</Graphemes>
        <Sprite>Lvl5-Slug-Sprite.png</Sprite>
    </Level>
    <Level>
        <Number>6</Number>
        <Name>dig</Name>
        <Graphemes>d-i-g</Graphemes>
        <Sprite>Lvl6-Dig-Sprite.png</Sprite>
    </Level>
    <Level>
        <Number>7</Number>
        <Name>six</Name>
        <Graphemes>s-i-x</Graphemes>
        <Sprite>Lvl7-Six-Sprite.png</Sprite>
    </Level>
    <Level>
        <Number>8</Number>
        <Name>fox</Name>
        <Graphemes>f-o-x</Graphemes>
        <Sprite>Lvl8-Fox-Sprite.png</Sprite>
    </Level>
    <Level>
        <Number>9</Number>
        <Name>frog</Name>
        <Graphemes>f-r-o-g</Graphemes>
        <Sprite>Lvl9-Frog-Sprite.png</Sprite>
    </Level>
    <Level>
        <Number>10</Number>
        <Name>pen</Name>
        <Graphemes>p-e-n</Graphemes>
        <Sprite>Lvl10-Pen-Sprite.png</Sprite>
    </Level>
    <Level>
        <Number>11</Number>
        <Name>tent</Name>
        <Graphemes>t-e-n-t</Graphemes>
        <Sprite>Lvl11-Tent-Sprite.png</Sprite>
    </Level>
    <Level>
        <Number>12</Number>
        <Name>trash</Name>
        <Graphemes>t-r-a-sh</Graphemes>
        <Sprite>Lvl12-Trash-Sprite.png</Sprite>
    </Level>
    <Level>
        <Number>13</Number>
        <Name>fish</Name>
        <Graphemes>f-i-sh</Graphemes>
        <Sprite>Lvl13-Fish-Sprite.png</Sprite>
    </Level>
    <Level>
        <Number>14</Number>
        <Name>cloth</Name>
        <Graphemes>c-l-o-th</Graphemes>
        <Sprite>Lvl14-Cloth-Sprite.png</Sprite>
    </Level>
    <Level>
        <Number>15</Number>
        <Name>branch</Name>
        <Graphemes>b-r-a-n-ch</Graphemes>
        <Sprite>Lvl15-Branch-Sprite.png</Sprite>
    </Level>
    <Level>
        <Number>16</Number>
        <Name>bench</Name>
        <Graphemes>b-e-n-ch</Graphemes>
        <Sprite>Lvl16-Bench-Sprite.png</Sprite>
    </Level>
    <Level>
        <Number>17</Number>
        <Name>chin</Name>
        <Graphemes>ch-i-n</Graphemes>
        <Sprite>Lvl17-Chin-Sprite.png</Sprite>
    </Level>
    <Level>
        <Number>18</Number>
        <Name>whip</Name>
        <Graphemes>wh-i-p</Graphemes>
        <Sprite>Lvl18-Whip-Sprite.png</Sprite>
    </Level>
    <Level>
        <Number>19</Number>
        <Name>lung</Name>
        <Graphemes>l-u-ng</Graphemes>
        <Sprite>Lvl19-Lung-Sprite.png</Sprite>
    </Level>
    <Level>
        <Number>20</Number>
        <Name>swing</Name>
        <Graphemes>s-w-i-ng</Graphemes>
        <Sprite>Lvl20-Swing-Sprite.png</Sprite>
    </Level>
    <Level>
        <Number>21</Number>
        <Name>pink</Name>
        <Graphemes>p-i-n-k</Graphemes>
        <Sprite>Lvl21-Pink-Sprite.png</Sprite>
    </Level>
    <Level>
        <Number>22</Number>
        <Name>cliff</Name>
        <Graphemes>c-l-i-ff</Graphemes>
        <Sprite>Lvl22-Cliff-Sprite.png</Sprite>
    </Level>
    <Level>
        <Number>23</Number>
        <Name>skull</Name>
        <Graphemes>s-k-u-ll</Graphemes>
        <Sprite>Lvl23-Skull-Sprite.png</Sprite>
    </Level>
    <Level>
        <Number>24</Number>
        <Name>doll</Name>
        <Graphemes>d-o-ll</Graphemes>
        <Sprite>Lvl24-Doll-Sprite.png</Sprite>
    </Level>
    <Level>
        <Number>25</Number>
        <Name>grass</Name>
        <Graphemes>g-r-a-ss</Graphemes>
        <Sprite>Lvl25-Grass-Sprite.png</Sprite>
    </Level>
    <Level>
        <Number>26</Number>
        <Name>duck</Name>
        <Graphemes>d-u-ck</Graphemes>
        <Sprite>Lvl26-Duck-Sprite.png</Sprite>
    </Level>
    <Level>
        <Number>27</Number>
        <Name>lock</Name>
        <Graphemes>l-o-ck</Graphemes>
        <Sprite>Lvl27-Lock-Sprite.png</Sprite>
    </Level>
    <Level>
        <Number>28</Number>
        <Name>bridge</Name>
        <Graphemes>b-r-i-dge</Graphemes>
        <Sprite>Lvl28-Bridge-Sprite.png</Sprite>
    </Level>
    <Level>
        <Number>29</Number>
        <Name>witch</Name>
        <Graphemes>w-i-tch</Graphemes>
        <Sprite>Lvl29-Witch-Sprite.png</Sprite>
    </Level>
    <Level>
        <Number>30</Number>
        <Name>ball</Name>
        <Graphemes>b-a-ll</Graphemes>
        <Sprite>Lvl30-Ball-Sprite.png</Sprite>
    </Level>
    <Level>
        <Number>31</Number>
        <Name>child</Name>
        <Graphemes>ch-i-l-d</Graphemes>
        <Sprite>Lvl31-Child-Sprite.png</Sprite>
    </Level>
    <Level>
        <Number>32</Number>
        <Name>coin</Name>
        <Graphemes>c-oi-n</Graphemes>
        <Sprite>Lvl32-Coin-Sprite.png</Sprite>
    </Level>
    <Level>
        <Number>33</Number>
        <Name>toy</Name>
        <Graphemes>t-oy</Graphemes>
        <Sprite>Lvl33-Toy-Sprite.png</Sprite>
    </Level>
    <Level>
        <Number>34</Number>
        <Name>star</Name>
        <Graphemes>s-t-a-r</Graphemes>
        <Sprite>Lvl34-Star-Sprite.png</Sprite>
    </Level>
    <Level>
        <Number>35</Number>
        <Name>feet</Name>
        <Graphemes>f-ee-t</Graphemes>
        <Sprite>Lvl35-Feet-Sprite.png</Sprite>
    </Level>
    <Level>
        <Number>36</Number>
        <Name>teeth</Name>
        <Graphemes>t-ee-th</Graphemes>
        <Sprite>Lvl36-Teeth-Sprite.png</Sprite>
    </Level>
    <Level>
        <Number>37</Number>
        <Name>horn</Name>
        <Graphemes>h-o-r-n</Graphemes>
        <Sprite>Lvl37-Horn-Sprite.png</Sprite>
    </Level>
    <Level>
        <Number>38</Number>
        <Name>sail</Name>
        <Graphemes>s-ai-l</Graphemes>
        <Sprite>Lvl38-Sail-Sprite.png</Sprite>
    </Level>
    <Level>
        <Number>39</Number>
        <Name>rain</Name>
        <Graphemes>r-ai-n</Graphemes>
        <Sprite>Lvl39-Rain-Sprite.png</Sprite>
    </Level>
    <Level>
        <Number>40</Number>
        <Name>saint</Name>
        <Graphemes>s-ai-n-t</Graphemes>
        <Sprite>Lvl40-Saint-Sprite.png</Sprite>
    </Level>
    <Level>
        <Number>41</Number>
        <Name>hay</Name>
        <Graphemes>h-ay</Graphemes>
        <Sprite>Lvl41-Hay-Sprite.png</Sprite>
    </Level>
    <Level>
        <Number>42</Number>
        <Name>fern</Name>
        <Graphemes>f-er-n</Graphemes>
        <Sprite>Lvl42-Fern-Sprite.png</Sprite>
    </Level>
    <Level>
        <Number>43</Number>
        <Name>boat</Name>
        <Graphemes>b-oa-t</Graphemes>
        <Sprite>Lvl43-Boat-Sprite.png</Sprite>
    </Level>
    <Level>
        <Number>44</Number>
        <Name>queen</Name>
        <Graphemes>qu-ee-n</Graphemes>
        <Sprite>Lvl44-Queen-Sprite.png</Sprite>
    </Level>
    <Level>
        <Number>45</Number>
        <Name>moon</Name>
        <Graphemes>m-oo-n</Graphemes>
        <Sprite>Lvl45-Moon-Sprite.png</Sprite>
    </Level>
    <Level>
        <Number>46</Number>
        <Name>boot</Name>
        <Graphemes>b-oo-t</Graphemes>
        <Sprite>Lvl46-Boot-Sprite.png</Sprite>
    </Level>
    <Level>
        <Number>47</Number>
        <Name>goose</Name>
        <Graphemes>g-oo-se</Graphemes>
        <Sprite>Lvl47-Goose-Sprite.png</Sprite>
    </Level>
    <Level>
        <Number>48</Number>
        <Name>foot</Name>
        <Graphemes>f-oo-t</Graphemes>
        <Sprite>Lvl48-Foot-Sprite.png</Sprite>
    </Level>
    <Level>
        <Number>49</Number>
        <Name>wood</Name>
        <Graphemes>w-oo-d</Graphemes>
        <Sprite>Lvl49-Wood-Sprite.png</Sprite>
    </Level>
    <Level>
        <Number>50</Number>
        <Name>leaf</Name>
        <Graphemes>l-ea-f</Graphemes>
        <Sprite>Lvl50-Leaf-Sprite.png</Sprite>
    </Level></Game>